{"loss": 0.02734319493174553, "accuracy": 0.9856114983558655}